Abs[x];abs(x)
ActivateTrig[x];activatetrig(x)
AlgebraicFunctionQ[x];algebraicfunctionq(x)
Apart[x];apart(x)
AppellF1[x];appellf1(x)
ArcCos[x];arccos(x)
ArcCosh[x];arccosh(x)
ArcCot[x];arccot(x)
ArcCoth[x];arccoth(x)
ArcCsc[x];arccsc(x)
ArcCsch[x];arccsch(x)
ArcSec[x];arcsec(x)
ArcSech[x];arcsech(x)
ArcSin[x];arcsin(x)
ArcSinh[x];arcsinh(x)
ArcTan[x];arctan(x)
ArcTanh[x];arctanh(x)
AtomQ[x];atomq(x)
BesselJ[x];besselj(x)
BinomialDegree[x];binomialdegree(x)
BinomialMatchQ[x];binomialmatchq(x)
BinomialParts[x];binomialparts(x)
BinomialQ[x];binomialq(x)
Block[x];block(x)
CalculusFreeQ[x];calculusfreeq(x)
Cancel[x];cancel(x)
CannotIntegrate[x];cannotintegrate(x)
Coeff[x];coeff(x)
Coefficient[x];coefficient(x)
ComplexFreeQ[x];complexfreeq(x)
Complex[x];complex(x)
CosIntegral[x];cosintegral(x)
Cos[x];cos(x)
CoshIntegral[x];coshintegral(x)
Cosh[x];cosh(x)
Cot[x];cot(x)
Coth[x];coth(x)
Csc[x];csc(x)
Csch[x];csch(x)
D[x];d(x)
DeactivateTrig[x];deactivatetrig(x)
Denom[x];denom(x)
Denominator[x];denominator(x)
DerivativeDivides[x];derivativedivides(x)
Derivative[x];derivative(x)
Discriminant[x];discriminant(x)
Dist[x];dist(x)
Distrib[x];distrib(x)
DistributeDegree[x];distributedegree(x)
Divides[x];divides(x)
EllipticE[x];elliptice(x)
EllipticF[x];ellipticf(x)
EllipticPi[x];ellipticpi(x)
EqQ[x];eqq(x)
Erf[x];erf(x)
Erfc[x];erfc(x)
Erfi[x];erfi(x)
EulerIntegrandQ[x];eulerintegrandq(x)
EveryQ[x];everyq(x)
ExpIntegralE[x];expintegrale(x)
ExpIntegralEi[x];expintegralei(x)
Exp[x];exp(x)
ExpandExpression[x];expandexpression(x)
ExpandIntegrand[x];expandintegrand(x)
ExpandLinearProduct[x];expandlinearproduct(x)
ExpandToSum[x];expandtosum(x)
ExpandTrigExpand[x];expandtrigexpand(x)
ExpandTrigReduce[x];expandtrigreduce(x)
ExpandTrigToExp[x];expandtrigtoexp(x)
ExpandTrig[x];expandtrig(x)
Expand[x];expand(x)
Expon[x];expon(x)
Exponent[x];exponent(x)
F[x];f(x)
Factor[x];factor(x)
FalseQ[x];falseq(x)
Floor[x];floor(x)
FracPart[x];fracpart(x)
FractionQ[x];fractionq(x)
FractionalPart[x];fractionalpart(x)
FreeFactors[x];freefactors(x)
FreeQ[x];freeq(x)
FresnelC[x];fresnelc(x)
FresnelS[x];fresnels(x)
FullSimplify[x];fullsimplify(x)
FunctionOfExponentialFunction[x];functionofexponentialfunction(x)
FunctionOfExponentialQ[x];functionofexponentialq(x)
FunctionOfExponential[x];functionofexponential(x)
FunctionOfLinear[x];functionoflinear(x)
FunctionOfLog[x];functionoflog(x)
FunctionOfQ[x];functionofq(x)
FunctionOfSquareRootOfQuadratic[x];functionofsquarerootofquadratic(x)
FunctionOfTrigOfLinearQ[x];functionoftrigoflinearq(x)
FunctionOfTrig[x];functionoftrig(x)
Function[x];function(x)
GCD[x];gcd(x)
G[x];g(x)
GeQ[x];geq(x)
GeneralizedBinomialMatchQ[x];generalizedbinomialmatchq(x)
GeneralizedBinomialQ[x];generalizedbinomialq(x)
GeneralizedTrinomialDegree[x];generalizedtrinomialdegree(x)
GeneralizedTrinomialMatchQ[x];generalizedtrinomialmatchq(x)
GeneralizedTrinomialQ[x];generalizedtrinomialq(x)
GtQ[x];gtq(x)
H[x];h(x)
HalfIntegerQ[x];halfintegerq(x)
Head[x];head(x)
Hold[x];hold(x)
HyperbolicQ[x];hyperbolicq(x)
Hypergeometric2F1[x];hypergeometric2f1(x)
HypergeometricPFQ[x];hypergeometricpfq(x)
IGeQ[x];igeq(x)
IGtQ[x];igtq(x)
ILeQ[x];ileq(x)
ILtQ[x];iltq(x)
Identity[x];identity(x)
If[x];if(x)
IndependentQ[x];independentq(x)
InertTrigFreeQ[x];inerttrigfreeq(x)
InertTrigQ[x];inerttrigq(x)
IntBinomialQ[x];intbinomialq(x)
IntHide[x];inthide(x)
IntLinearQ[x];intlinearq(x)
IntPart[x];intpart(x)
IntQuadraticQ[x];intquadraticq(x)
IntSum[x];intsum(x)
Int[x];integrate(x)
Int[i,x];integrate(i,x)
IntegerPart[x];integerpart(x)
IntegerQ[x];integerq(x)
IntegersQ[x];integersq(x)
IntegralFreeQ[x];integralfreeq(x)
Integral[x];integral(x)
Integrate[x];integrate(x)
InverseFunctionFreeQ[x];inversefunctionfreeq(x)
InverseFunctionOfLinear[x];inversefunctionoflinear(x)
InverseFunctionQ[x];inversefunctionq(x)
KnownCotangentIntegrandQ[x];knowncotangentintegrandq(x)
KnownSecantIntegrandQ[x];knownsecantintegrandq(x)
KnownSineIntegrandQ[x];knownsineintegrandq(x)
KnownTangentIntegrandQ[x];knowntangentintegrandq(x)
LeQ[x];leq(x)
LeafCount[x];leafcount(x)
LinearMatchQ[x];linearmatchq(x)
LinearPairQ[x];linearpairq(x)
LinearQ[x];linearq(x)
LogGamma[x];loggamma(x)
LogIntegral[x];logintegral(x)
Log[x];log(x)
LtQ[x];ltq(x)
MatchQ[x];matchq(x)
MemberQ[x];memberq(x)
MinimumMonomialExponent[x];minimummonomialexponent(x)
Mod[x];mod(x)
Module[x];module(x)
NeQ[x];neq(x)
NegQ[x];negq(x)
NiceSqrtQ[x];nicesqrtq(x)
NonfreeFactors[x];nonfreefactors(x)
NonsumQ[x];nonsumq(x)
NormalizeIntegrand[x];normalizeintegrand(x)
NormalizePowerOfLinear[x];normalizepoweroflinear(x)
NormalizePseudoBinomial[x];normalizepseudobinomial(x)
Not[x];not(x)
Numer[x];numer(x)
Numerator[x];numerator(x)
OddQ[x];oddq(x)
PerfectSquareQ[x];perfectsquareq(x)
PiecewiseLinearQ[x];piecewiselinearq(x)
PolyGCD[x];polygcd(x)
PolyGamma[x];polygamma(x)
PolyLog[x];polylog(x)
PolyQ[x];polyq(x)
PolynomialDivide[x];polynomialdivide(x)
PolynomialInQ[x];polynomialinq(x)
PolynomialInSubst[x];polynomialinsubst(x)
PolynomialQ[x];polynomialq(x)
PolynomialQuotient[x];polynomialquotient(x)
PolynomialRemainder[x];polynomialremainder(x)
PosQ[x];posq(x)
PowerOfLinearMatchQ[x];poweroflinearmatchq(x)
PowerOfLinearQ[x];poweroflinearq(x)
PowerQ[x];powerq(x)
PowerVariableExpn[x];powervariableexpn(x)
ProductLog[x];productlog(x)
ProductQ[x];productq(x)
PseudoBinomialPairQ[x];pseudobinomialpairq(x)
QuadraticMatchQ[x];quadraticmatchq(x)
QuadraticProductQ[x];quadraticproductq(x)
QuadraticQ[x];quadraticq(x)
QuotientOfLinearsParts[x];quotientoflinearsparts(x)
QuotientOfLinearsQ[x];quotientoflinearsq(x)
Quotient[x];quotient(x)
RationalFunctionExpand[x];rationalfunctionexpand(x)
RationalFunctionExponents[x];rationalfunctionexponents(x)
RationalFunctionQ[x];rationalfunctionq(x)
RationalQ[x];rationalq(x)
RemoveContent[x];removecontent(x)
ReplaceAll[x];replaceall(x)
Rt[x];rt(x)
Sec[x];sec(x)
Sech[x];sech(x)
ShowStep[x];showstep(x)
Sign[x];sign(x)
Simp[x];simp(x)
SimplerIntegrandQ[x];simplerintegrandq(x)
SimplerQ[x];simplerq(x)
SimplerSqrtQ[x];simplersqrtq(x)
SimplifyIntegrand[x];simplifyintegrand(x)
Simplify[x];simplify(x)
SinIntegral[x];sinintegral(x)
Sin[x];sin(x)
SinhIntegral[x];sinhintegral(x)
Sinh[x];sinh(x)
SplitProduct[x];splitproduct(x)
Sqrt[x];sqrt(x)
SubstForFractionalPowerOfLinear[x];substforfractionalpoweroflinear(x)
SubstForFractionalPowerOfQuotientOfLinears[x];substforfractionalpowerofquotientoflinears(x)
SubstForFractionalPowerQ[x];substforfractionalpowerq(x)
SubstForInverseFunction[x];substforinversefunction(x)
SubstFor[x];substfor(x)
Subst[x];subst(x)
SumQ[x];sumq(x)
SumSimplerQ[x];sumsimplerq(x)
Sum[x];sum(x)
Tan[x];tan(x)
Tanh[x];tanh(x)
Together[x];together(x)
TrigQ[x];trigq(x)
TrigSimplifyQ[x];trigsimplifyq(x)
TrigSimplify[x];trigsimplify(x)
TrinomialMatchQ[x];trinomialmatchq(x)
TrinomialQ[x];trinomialq(x)
TryPureTanSubst[x];trypuretansubst(x)
Unintegrable[x];unintegrable(x)
With[x];with(x)
Zeta[x];zeta(x)
EllipticF[x,y];Elliptic__F(x,y)
EllipticE[m];Elliptic__E(m)
EllipticE[phi,m];Elliptic__E(phi,m)
PolyLog[n,z];Polylogarithms__polylog(n,z)
Hypergeometric2F1[a,b,c,z];HypergeometricFunctions__₂F₁(a, b, c, z)
PolyGamma[n,z];SpecialFunctions__polygamma(n,x)
Zeta[s];SpecialFunctions__zeta(s)
Zeta[s,a];SpecialFunctions__zeta(s,a)
Gamma[a,x];SpecialFunctions__gamma(a,x)
Gamma[x];SpecialFunctions__gamma(x)
ExpIntegralE[n,z];SpecialFunctions__expint(n, z)
Log[x,y];log(y,x)
F0[x];f₀[x]
F[a,b,c,d,e];f(a,b,c,d,e)